<?xml version="1.0" encoding="UTF-8"?>
<component xmlns="http://www.opensource-socialnetwork.org/v/3.0">
    <name>OssnBlock</name>
    <id>OssnBlock</id>
    <author>Core Team</author>
    <description>Allow users to block each other.</description>
    <license>Open Source Social Network License (OSSN LICENSE)</license>
    <author_url>https://www.softlab24.com/</author_url>
    <license_url>http://www.opensource-socialnetwork.org/licence/</license_url>
    <version>5.3</version>
	<requires>
		<type>ossn_version</type>
		<version>5.5</version>
	</requires>
</component>
